"date";"co2ppm"
1974-05-19;333,37
1974-05-26;332,95
1974-06-02;332,35
1974-06-09;332,2
1974-06-16;332,37
1974-06-23;331,73
1974-06-30;331,68
1974-07-07;331,46
1974-07-14;330,83
1974-07-21;330,76
1974-07-28;329,8
1974-08-04;329,85
1974-08-11;329,15
1974-08-18;329,06
1974-08-25;328,33
1974-09-01;328,06
1974-09-08;327,56
1974-09-15;326,72
1974-09-22;326,99
1974-09-29;327,31
1974-10-06;327,07
1974-10-13;327,23
1974-10-20;327,4
1974-10-27;327,64
1974-11-03;327,8
1974-11-10;328,5
1974-11-17;328,61
1974-11-24;328,46
1974-12-01;328,8
1974-12-08;329,39
1974-12-15;329,78
1974-12-22;329,96
1974-12-29;330,38
1975-01-05;330,49
1975-01-12;330,59
1975-01-19;330,79
1975-01-26;331,24
1975-02-02;331,64
1975-02-09;331,11
1975-02-16;331,42
1975-02-23;331,96
1975-03-02;331,77
1975-03-09;331,64
1975-03-16;332,11
1975-03-23;331,9
1975-03-30;333,3
1975-04-06;332,78
1975-04-13;333,16
1975-04-20;333,28
1975-04-27;333,48
1975-05-04;333,94
1975-05-11;334,25
1975-05-18;333,46
1975-05-25;334
1975-06-01;333,96
1975-06-08;333,19
1975-06-15;333,23
1975-06-22;333,5
1975-06-29;333,01
1975-07-06;332,32
1975-07-13;331,83
1975-07-20;331,36
1975-07-27;331,22
1975-08-03;331,01
1975-08-10;330,38
1975-08-17;329,48
1975-08-24;328,73
1975-08-31;329,32
1975-09-07;329,42
1975-09-14;327,94
1975-09-21;327,95
1975-09-28;327,97
1975-10-05;NA
1975-10-12;328,4
1975-10-19;328,73
1975-10-26;328,8
1975-11-02;329,03
1975-11-09;329,01
1975-11-16;329,21
1975-11-23;330,18
1975-11-30;329,72
1975-12-07;NA
1975-12-14;NA
1975-12-21;NA
1975-12-28;NA
1976-01-04;331,33
1976-01-11;331,53
1976-01-18;331,66
1976-01-25;331,88
1976-02-01;332,45
1976-02-08;332,51
1976-02-15;332,61
1976-02-22;333,49
1976-02-29;332,43
1976-03-07;332,88
1976-03-14;333,56
1976-03-21;334,33
1976-03-28;334,56
1976-04-04;335,06
1976-04-11;333,01
1976-04-18;334,7
1976-04-25;335,06
1976-05-02;334,17
1976-05-09;334,32
1976-05-16;335,29
1976-05-23;335,28
1976-05-30;334,43
1976-06-06;334,21
1976-06-13;334,17
1976-06-20;334,04
1976-06-27;NA
1976-07-04;333,6
1976-07-11;333,48
1976-07-18;332,43
1976-07-25;332,24
1976-08-01;331,69
1976-08-08;330,7
1976-08-15;330,44
1976-08-22;330,23
1976-08-29;330,43
1976-09-05;329,54
1976-09-12;329,54
1976-09-19;328,61
1976-09-26;327,65
1976-10-03;328,54
1976-10-10;328,55
1976-10-17;329,28
1976-10-24;328,82
1976-10-31;329,4
1976-11-07;330,44
1976-11-14;330,17
1976-11-21;330,55
1976-11-28;330,68
1976-12-05;331,19
1976-12-12;332,39
1976-12-19;331,7
1976-12-26;332,38
1977-01-02;332,39
1977-01-09;332,49
1977-01-16;332,88
1977-01-23;333,02
1977-01-30;332,98
1977-02-06;333,23
1977-02-13;333,15
1977-02-20;333,18
1977-02-27;334,35
1977-03-06;334,3
1977-03-13;335,19
1977-03-20;335,32
1977-03-27;335,17
1977-04-03;336,01
1977-04-10;335,85
1977-04-17;336,31
1977-04-24;336,59
1977-05-01;337
1977-05-08;336,58
1977-05-15;337,1
1977-05-22;336,99
1977-05-29;336,63
1977-06-05;336,2
1977-06-12;336,01
1977-06-19;336,34
1977-06-26;335,74
1977-07-03;335,46
1977-07-10;335,24
1977-07-17;334,6
1977-07-24;334,1
1977-07-31;333,42
1977-08-07;332,54
1977-08-14;332,84
1977-08-21;331,82
1977-08-28;332,25
1977-09-04;331,18
1977-09-11;331,48
1977-09-18;330,92
1977-09-25;330,93
1977-10-02;330,94
1977-10-09;331,54
1977-10-16;331,27
1977-10-23;331,37
1977-10-30;331,88
1977-11-06;332,08
1977-11-13;332,53
1977-11-20;333,11
1977-11-27;332,65
1977-12-04;333,34
1977-12-11;333,4
1977-12-18;334,03
1977-12-25;333,97
1978-01-01;334,66
1978-01-08;334,56
1978-01-15;334,94
1978-01-22;335,68
1978-01-29;335,22
1978-02-05;334,74
1978-02-12;335,3
1978-02-19;335,5
1978-02-26;335,95
1978-03-05;336,06
1978-03-12;336,73
1978-03-19;336,91
1978-03-26;337,29
1978-04-02;337,33
1978-04-09;338
1978-04-16;337,62
1978-04-23;337,87
1978-04-30;338,27
1978-05-07;338,02
1978-05-14;337,89
1978-05-21;337,79
1978-05-28;338,44
1978-06-04;338,46
1978-06-11;338,12
1978-06-18;337,62
1978-06-25;337,47
1978-07-02;336,69
1978-07-09;336,79
1978-07-16;336,34
1978-07-23;335,86
1978-07-30;335,42
1978-08-06;334,66
1978-08-13;334,69
1978-08-20;334,2
1978-08-27;333,78
1978-09-03;332,82
1978-09-10;331,85
1978-09-17;331,75
1978-09-24;332,79
1978-10-01;332,22
1978-10-08;331,91
1978-10-15;332,67
1978-10-22;332,8
1978-10-29;333,22
1978-11-05;333,57
1978-11-12;333,61
1978-11-19;334,12
1978-11-26;334,15
1978-12-03;334,46
1978-12-10;334,96
1978-12-17;335,26
1978-12-24;335,07
1978-12-31;335,2
1979-01-07;335,48
1979-01-14;336,64
1979-01-21;336,93
1979-01-28;337,02
1979-02-04;336,6
1979-02-11;336,52
1979-02-18;336,78
1979-02-25;336,9
1979-03-04;337,93
1979-03-11;338,1
1979-03-18;338,65
1979-03-25;338,97
1979-04-01;337,9
1979-04-08;338,76
1979-04-15;338,76
1979-04-22;339,38
1979-04-29;339,52
1979-05-06;338,61
1979-05-13;339,19
1979-05-20;339,4
1979-05-27;339,67
1979-06-03;339,74
1979-06-10;339,01
1979-06-17;339,15
1979-06-24;338,93
1979-07-01;338,14
1979-07-08;337,7
1979-07-15;337,91
1979-07-22;336,67
1979-07-29;336,85
1979-08-05;336,35
1979-08-12;336,17
1979-08-19;334,81
1979-08-26;334,99
1979-09-02;333,74
1979-09-09;334,4
1979-09-16;333,61
1979-09-23;333,61
1979-09-30;334,11
1979-10-07;334,52
1979-10-14;334,09
1979-10-21;334,35
1979-10-28;334,54
1979-11-04;334,8
1979-11-11;335,36
1979-11-18;335,79
1979-11-25;335,88
1979-12-02;336,4
1979-12-09;336,72
1979-12-16;337,01
1979-12-23;337,2
1979-12-30;337,53
1980-01-06;337,4
1980-01-13;337,71
1980-01-20;338,65
1980-01-27;337,89
1980-02-03;338,47
1980-02-10;338,19
1980-02-17;338,35
1980-02-24;338,91
1980-03-02;339,43
1980-03-09;339,83
1980-03-16;339,66
1980-03-23;340,84
1980-03-30;340,63
1980-04-06;340,81
1980-04-13;340,98
1980-04-20;341,14
1980-04-27;341,35
1980-05-04;341,39
1980-05-11;341,71
1980-05-18;341,34
1980-05-25;341,32
1980-06-01;341,64
1980-06-08;341,62
1980-06-15;341,5
1980-06-22;340,76
1980-06-29;340,49
1980-07-06;339,95
1980-07-13;339,3
1980-07-20;338,77
1980-07-27;338,81
1980-08-03;336,78
1980-08-10;337,99
1980-08-17;338,36
1980-08-24;337,21
1980-08-31;336,9
1980-09-07;335,96
1980-09-14;336,43
1980-09-21;335,71
1980-09-28;335,77
1980-10-05;335,72
1980-10-12;336,11
1980-10-19;336,51
1980-10-26;336,69
1980-11-02;336,9
1980-11-09;337,49
1980-11-16;337,22
1980-11-23;337,65
1980-11-30;337,8
1980-12-07;338,09
1980-12-14;338,52
1980-12-21;338,39
1980-12-28;338,61
1981-01-04;339,12
1981-01-11;339,25
1981-01-18;339,55
1981-01-25;339,67
1981-02-01;339,89
1981-02-08;340,7
1981-02-15;340,18
1981-02-22;341,34
1981-03-01;341,23
1981-03-08;340,97
1981-03-15;341,61
1981-03-22;342,49
1981-03-29;342,29
1981-04-05;342,62
1981-04-12;342,96
1981-04-19;342,54
1981-04-26;342,68
1981-05-03;343,07
1981-05-10;343,05
1981-05-17;342,95
1981-05-24;343
1981-05-31;342,87
1981-06-07;342,83
1981-06-14;342,41
1981-06-21;342,18
1981-06-28;341,72
1981-07-05;341,3
1981-07-12;340,54
1981-07-19;340,72
1981-07-26;340,21
1981-08-02;339,32
1981-08-09;339
1981-08-16;338,42
1981-08-23;337,19
1981-08-30;337,6
1981-09-06;337,1
1981-09-13;336,92
1981-09-20;336,84
1981-09-27;336,14
1981-10-04;336,64
1981-10-11;337,08
1981-10-18;337,22
1981-10-25;337,63
1981-11-01;338,13
1981-11-08;338,29
1981-11-15;338,45
1981-11-22;339,23
1981-11-29;339,72
1981-12-06;339,7
1981-12-13;339,78
1981-12-20;340,03
1981-12-27;340,42
1982-01-03;340,57
1982-01-10;340,75
1982-01-17;340,79
1982-01-24;341,63
1982-01-31;341,75
1982-02-07;341,57
1982-02-14;341,6
1982-02-21;341,95
1982-02-28;342,69
1982-03-07;342,46
1982-03-14;342,71
1982-03-21;NA
1982-03-28;342,83
1982-04-04;343,38
1982-04-11;NA
1982-04-18;NA
1982-04-25;345,11
1982-05-02;344,38
1982-05-09;344,91
1982-05-16;344,78
1982-05-23;344,97
1982-05-30;344,23
1982-06-06;344,07
1982-06-13;344,18
1982-06-20;343,51
1982-06-27;343,34
1982-07-04;343,02
1982-07-11;342,35
1982-07-18;342,19
1982-07-25;341,86
1982-08-01;341,16
1982-08-08;340,7
1982-08-15;340,58
1982-08-22;339,46
1982-08-29;338,97
1982-09-05;338,83
1982-09-12;339,09
1982-09-19;337,35
1982-09-26;337,62
1982-10-03;338,02
1982-10-10;338,06
1982-10-17;338,31
1982-10-24;339,3
1982-10-31;338,9
1982-11-07;339,13
1982-11-14;339,43
1982-11-21;340,17
1982-11-28;339,7
1982-12-05;340,44
1982-12-12;340,69
1982-12-19;341,24
1982-12-26;341,31
1983-01-02;341,58
1983-01-09;342,07
1983-01-16;341,32
1983-01-23;341,62
1983-01-30;341,97
1983-02-06;342,66
1983-02-13;342,94
1983-02-20;342,91
1983-02-27;342,59
1983-03-06;342,51
1983-03-13;343,61
1983-03-20;345,18
1983-03-27;343,92
1983-04-03;344,89
1983-04-10;345,2
1983-04-17;345,72
1983-04-24;345,93
1983-05-01;345,78
1983-05-08;346,05
1983-05-15;346,43
1983-05-22;346,18
1983-05-29;346,06
1983-06-05;346,23
1983-06-12;345,85
1983-06-19;345,52
1983-06-26;345,12
1983-07-03;345,17
1983-07-10;344,12
1983-07-17;344,27
1983-07-24;343,72
1983-07-31;343,1
1983-08-07;NA
1983-08-14;342,33
1983-08-21;342,05
1983-08-28;340,98
1983-09-04;340,47
1983-09-11;340,37
1983-09-18;340,43
1983-09-25;340,47
1983-10-02;340,13
1983-10-09;340,34
1983-10-16;340,96
1983-10-23;340,82
1983-10-30;341,21
1983-11-06;341,51
1983-11-13;341,8
1983-11-20;342,05
1983-11-27;342,43
1983-12-04;342,61
1983-12-11;342,97
1983-12-18;343,54
1983-12-25;343,76
1984-01-01;344,19
1984-01-08;343,89
1984-01-15;344,09
1984-01-22;344,49
1984-01-29;344,71
1984-02-05;344,99
1984-02-12;344,78
1984-02-19;345,12
1984-02-26;345,05
1984-03-04;345,36
1984-03-11;345,67
1984-03-18;345,86
1984-03-25;345,91
1984-04-01;NA
1984-04-08;NA
1984-04-15;NA
1984-04-22;NA
1984-04-29;347,76
1984-05-06;347,27
1984-05-13;348,04
1984-05-20;347,7
1984-05-27;347,67
1984-06-03;347,31
1984-06-10;347,56
1984-06-17;347,11
1984-06-24;346,67
1984-07-01;346,46
1984-07-08;346,31
1984-07-15;345,75
1984-07-22;345,09
1984-07-29;344,97
1984-08-05;344,53
1984-08-12;344,37
1984-08-19;343,24
1984-08-26;342,32
1984-09-02;341,07
1984-09-09;341,29
1984-09-16;342,07
1984-09-23;341,43
1984-09-30;341,95
1984-10-07;341,55
1984-10-14;342,19
1984-10-21;342,12
1984-10-28;342,26
1984-11-04;342,82
1984-11-11;343,32
1984-11-18;343,69
1984-11-25;343,71
1984-12-02;344,24
1984-12-09;344,85
1984-12-16;345,09
1984-12-23;345,78
1984-12-30;345,64
1985-01-06;345,57
1985-01-13;345,36
1985-01-20;345,35
1985-01-27;345,83
1985-02-03;346,16
1985-02-10;346
1985-02-17;346,74
1985-02-24;346,94
1985-03-03;347,48
1985-03-10;347,84
1985-03-17;348,19
1985-03-24;348,08
1985-03-31;348,56
1985-04-07;348,52
1985-04-14;348,17
1985-04-21;349,11
1985-04-28;349,21
1985-05-05;349,54
1985-05-12;349,39
1985-05-19;349,32
1985-05-26;348,92
1985-06-02;349,09
1985-06-09;349,02
1985-06-16;348,59
1985-06-23;348,03
1985-06-30;347,45
1985-07-07;347,31
1985-07-14;347,07
1985-07-21;346,67
1985-07-28;345,96
1985-08-04;345,51
1985-08-11;344,35
1985-08-18;344,79
1985-08-25;344,94
1985-09-01;344,33
1985-09-08;343,79
1985-09-15;343,54
1985-09-22;342,48
1985-09-29;342,48
1985-10-06;343,07
1985-10-13;343,17
1985-10-20;343,83
1985-10-27;343,97
1985-11-03;343,97
1985-11-10;344,57
1985-11-17;345,05
1985-11-24;345,58
1985-12-01;345,53
1985-12-08;346,07
1985-12-15;346,12
1985-12-22;346,28
1985-12-29;346,93
1986-01-05;346,81
1986-01-12;346,66
1986-01-19;346,98
1986-01-26;346,71
1986-02-02;347,15
1986-02-09;347,43
1986-02-16;347,79
1986-02-23;347,62
1986-03-02;347,19
1986-03-09;347,28
1986-03-16;348,08
1986-03-23;349,54
1986-03-30;349,06
1986-04-06;349,72
1986-04-13;349,85
1986-04-20;350,16
1986-04-27;350,77
1986-05-04;350,49
1986-05-11;350,71
1986-05-18;350,7
1986-05-25;350,16
1986-06-01;350,38
1986-06-08;350,34
1986-06-15;350,12
1986-06-22;349,6
1986-06-29;349,14
1986-07-06;348,89
1986-07-13;347,71
1986-07-20;347,95
1986-07-27;347,82
1986-08-03;346,81
1986-08-10;346,28
1986-08-17;345,76
1986-08-24;345,74
1986-08-31;345,33
1986-09-07;345,74
1986-09-14;346,07
1986-09-21;344,75
1986-09-28;345,16
1986-10-05;344,46
1986-10-12;344,67
1986-10-19;344,75
1986-10-26;345,55
1986-11-02;345,75
1986-11-09;346,27
1986-11-16;346,22
1986-11-23;346,55
1986-11-30;347,38
1986-12-07;347,32
1986-12-14;347,36
1986-12-21;347,49
1986-12-28;347,84
1987-01-04;348,3
1987-01-11;349,04
1987-01-18;348,82
1987-01-25;348,81
1987-02-01;348,65
1987-02-08;348,42
1987-02-15;349,13
1987-02-22;349,61
1987-03-01;349,2
1987-03-08;349,37
1987-03-15;350,11
1987-03-22;350,49
1987-03-29;351,19
1987-04-05;350,84
1987-04-12;351,17
1987-04-19;351,72
1987-04-26;351,81
1987-05-03;352,21
1987-05-10;352,13
1987-05-17;352,11
1987-05-24;352,29
1987-05-31;352,2
1987-06-07;351,8
1987-06-14;351,42
1987-06-21;351,32
1987-06-28;350,67
1987-07-05;350,84
1987-07-12;349,79
1987-07-19;350,23
1987-07-26;349,77
1987-08-02;348
1987-08-09;348,87
1987-08-16;348,36
1987-08-23;347,92
1987-08-30;346,95
1987-09-06;346,7
1987-09-13;346,96
1987-09-20;345,9
1987-09-27;346,36
1987-10-04;346,5
1987-10-11;346,7
1987-10-18;347,1
1987-10-25;347,03
1987-11-01;347,46
1987-11-08;347,64
1987-11-15;348,19
1987-11-22;348,84
1987-11-29;348,88
1987-12-06;348,86
1987-12-13;349,36
1987-12-20;349,5
1987-12-27;349,89
1988-01-03;350,26
1988-01-10;350,41
1988-01-17;350,67
1988-01-24;350,83
1988-01-31;351,79
1988-02-07;351,22
1988-02-14;351,28
1988-02-21;352,23
1988-02-28;353,15
1988-03-06;352,51
1988-03-13;352,06
1988-03-20;351,84
1988-03-27;353,04
1988-04-03;353,31
1988-04-10;353,44
1988-04-17;353,62
1988-04-24;354,54
1988-05-01;354,06
1988-05-08;354,33
1988-05-15;354,32
1988-05-22;354,8
1988-05-29;354,08
1988-06-05;354,43
1988-06-12;353,86
1988-06-19;353,46
1988-06-26;353,43
1988-07-03;352,95
1988-07-10;353,11
1988-07-17;353,02
1988-07-24;352,1
1988-07-31;350,98
1988-08-07;350,91
1988-08-14;350,23
1988-08-21;350,26
1988-08-28;349,61
1988-09-04;348,92
1988-09-11;349,2
1988-09-18;348,9
1988-09-25;348,85
1988-10-02;349,2
1988-10-09;348,95
1988-10-16;349,54
1988-10-23;349,69
1988-10-30;350,01
1988-11-06;350,1
1988-11-13;350,38
1988-11-20;350,78
1988-11-27;350,83
1988-12-04;351,11
1988-12-11;351,65
1988-12-18;351,78
1988-12-25;352,27
1989-01-01;352,67
1989-01-08;353,29
1989-01-15;353,17
1989-01-22;352,82
1989-01-29;353,47
1989-02-05;352,96
1989-02-12;353,48
1989-02-19;353,76
1989-02-26;353,91
1989-03-05;353,77
1989-03-12;353,71
1989-03-19;354,19
1989-03-26;354,85
1989-04-02;354,81
1989-04-09;355,51
1989-04-16;356,15
1989-04-23;356,39
1989-04-30;355,83
1989-05-07;355,67
1989-05-14;356,18
1989-05-21;356,06
1989-05-28;356,21
1989-06-04;355,64
1989-06-11;355,53
1989-06-18;355,05
1989-06-25;355,08
1989-07-02;354,77
1989-07-09;354,48
1989-07-16;353,62
1989-07-23;353,33
1989-07-30;353,3
1989-08-06;352,69
1989-08-13;352,01
1989-08-20;350,74
1989-08-27;350,8
1989-09-03;351,03
1989-09-10;349,44
1989-09-17;349,63
1989-09-24;349,98
1989-10-01;350,49
1989-10-08;349,94
1989-10-15;350,41
1989-10-22;350,78
1989-10-29;350,52
1989-11-05;351,39
1989-11-12;351,71
1989-11-19;351,9
1989-11-26;352,11
1989-12-03;352,36
1989-12-10;353,14
1989-12-17;352,95
1989-12-24;353,03
1989-12-31;353,72
1990-01-07;353,58
1990-01-14;353,99
1990-01-21;353,92
1990-01-28;354,39
1990-02-04;355,04
1990-02-11;355,09
1990-02-18;355,42
1990-02-25;355,18
1990-03-04;355,59
1990-03-11;355,79
1990-03-18;355,54
1990-03-25;356,13
1990-04-01;356,27
1990-04-08;356,17
1990-04-15;356,23
1990-04-22;356,87
1990-04-29;356,96
1990-05-06;357,7
1990-05-13;357,25
1990-05-20;357,33
1990-05-27;357,38
1990-06-03;356,98
1990-06-10;356,25
1990-06-17;356,18
1990-06-24;355,79
1990-07-01;356,22
1990-07-08;354,99
1990-07-15;354,29
1990-07-22;354,37
1990-07-29;353,99
1990-08-05;353,17
1990-08-12;353,46
1990-08-19;353,08
1990-08-26;351,8
1990-09-02;351,16
1990-09-09;350,86
1990-09-16;351,75
1990-09-23;351,46
1990-09-30;351,4
1990-10-07;351,54
1990-10-14;351,57
1990-10-21;351,73
1990-10-28;352,4
1990-11-04;352,71
1990-11-11;353,15
1990-11-18;353,45
1990-11-25;353,69
1990-12-02;353,9
1990-12-09;354,47
1990-12-16;354,34
1990-12-23;354,83
1990-12-30;354,8
1991-01-06;354,59
1991-01-13;355,02
1991-01-20;354,94
1991-01-27;355,6
1991-02-03;355,33
1991-02-10;355,89
1991-02-17;356,55
1991-02-24;355,84
1991-03-03;357,19
1991-03-10;357,77
1991-03-17;357,27
1991-03-24;357,49
1991-03-31;358,46
1991-04-07;358,07
1991-04-14;358,75
1991-04-21;359,36
1991-04-28;359,29
1991-05-05;358,97
1991-05-12;359,45
1991-05-19;359,76
1991-05-26;358,84
1991-06-02;358,38
1991-06-09;358,55
1991-06-16;358,17
1991-06-23;357,9
1991-06-30;357,32
1991-07-07;356,77
1991-07-14;356,23
1991-07-21;355,26
1991-07-28;355,55
1991-08-04;354,59
1991-08-11;354,4
1991-08-18;353,22
1991-08-25;353,1
1991-09-01;353,13
1991-09-08;352,6
1991-09-15;351,95
1991-09-22;351,96
1991-09-29;351,73
1991-10-06;352,14
1991-10-13;352,6
1991-10-20;352,77
1991-10-27;353,02
1991-11-03;353,84
1991-11-10;353,8
1991-11-17;353,92
1991-11-24;354,19
1991-12-01;354,66
1991-12-08;354,99
1991-12-15;355,23
1991-12-22;355,59
1991-12-29;356,55
1992-01-05;356,2
1992-01-12;356,34
1992-01-19;356,39
1992-01-26;356,18
1992-02-02;356,98
1992-02-09;357,23
1992-02-16;357,39
1992-02-23;357,36
1992-03-01;356,72
1992-03-08;357,98
1992-03-15;358,41
1992-03-22;358,88
1992-03-29;358,08
1992-04-05;359,27
1992-04-12;359,27
1992-04-19;359,77
1992-04-26;359,39
1992-05-03;359,81
1992-05-10;359,06
1992-05-17;359,26
1992-05-24;360,52
1992-05-31;360,57
1992-06-07;359,87
1992-06-14;358,98
1992-06-21;358,75
1992-06-28;358,87
1992-07-05;357,78
1992-07-12;357,03
1992-07-19;356,62
1992-07-26;355,71
1992-08-02;355,23
1992-08-09;355,73
1992-08-16;355,44
1992-08-23;354,44
1992-08-30;353
1992-09-06;354,18
1992-09-13;352,96
1992-09-20;352,49
1992-09-27;352,94
1992-10-04;353,32
1992-10-11;353,67
1992-10-18;353,28
1992-10-25;353,26
1992-11-01;354,35
1992-11-08;354,04
1992-11-15;354,25
1992-11-22;354,82
1992-11-29;354,94
1992-12-06;355,39
1992-12-13;355,55
1992-12-20;356,11
1992-12-27;356,4
1993-01-03;357,05
1993-01-10;357,32
1993-01-17;356,96
1993-01-24;357,15
1993-01-31;357,38
1993-02-07;357,09
1993-02-14;357,27
1993-02-21;357,9
1993-02-28;358,68
1993-03-07;358,43
1993-03-14;358,79
1993-03-21;357,95
1993-03-28;359,31
1993-04-04;358,95
1993-04-11;359,22
1993-04-18;359,74
1993-04-25;359,87
1993-05-02;359,59
1993-05-09;360,23
1993-05-16;360,67
1993-05-23;360,87
1993-05-30;360,11
1993-06-06;359,89
1993-06-13;359,77
1993-06-20;359,3
1993-06-27;358,81
1993-07-04;357,84
1993-07-11;357,84
1993-07-18;357,22
1993-07-25;356,65
1993-08-01;356,55
1993-08-08;355,89
1993-08-15;355,52
1993-08-22;354,94
1993-08-29;354,91
1993-09-05;354,29
1993-09-12;353,95
1993-09-19;354,1
1993-09-26;354,27
1993-10-03;354,17
1993-10-10;353,99
1993-10-17;354,46
1993-10-24;354,45
1993-10-31;354,74
1993-11-07;355,12
1993-11-14;355,73
1993-11-21;356,1
1993-11-28;356,25
1993-12-05;356,64
1993-12-12;356,72
1993-12-19;357,64
1993-12-26;357,59
1994-01-02;358,23
1994-01-09;358,24
1994-01-16;358,52
1994-01-23;358,36
1994-01-30;358,39
1994-02-06;359,04
1994-02-13;358,76
1994-02-20;359,52
1994-02-27;359
1994-03-06;359,46
1994-03-13;360,59
1994-03-20;360,73
1994-03-27;360,94
1994-04-03;361,22
1994-04-10;361,14
1994-04-17;361,43
1994-04-24;361,95
1994-05-01;362,12
1994-05-08;361,51
1994-05-15;361,83
1994-05-22;361,64
1994-05-29;361,54
1994-06-05;361,02
1994-06-12;361,03
1994-06-19;360,95
1994-06-26;360,16
1994-07-03;360,09
1994-07-10;359,77
1994-07-17;359,34
1994-07-24;358,96
1994-07-31;358,6
1994-08-07;358,01
1994-08-14;357,82
1994-08-21;356,99
1994-08-28;356,32
1994-09-04;356,61
1994-09-11;355,39
1994-09-18;355,81
1994-09-25;355,48
1994-10-02;355,83
1994-10-09;355,99
1994-10-16;356,27
1994-10-23;356,69
1994-10-30;356,81
1994-11-06;357,1
1994-11-13;358,27
1994-11-20;357,77
1994-11-27;358,19
1994-12-04;358,86
1994-12-11;359,5
1994-12-18;358,94
1994-12-25;359,47
1995-01-01;359,82
1995-01-08;359,66
1995-01-15;360,49
1995-01-22;360,15
1995-01-29;360,27
1995-02-05;360,88
1995-02-12;361,18
1995-02-19;361,16
1995-02-26;361,82
1995-03-05;361,92
1995-03-12;361,25
1995-03-19;361,91
1995-03-26;362,99
1995-04-02;363,9
1995-04-09;362,96
1995-04-16;363,16
1995-04-23;363,63
1995-04-30;362,96
1995-05-07;364
1995-05-14;364,55
1995-05-21;363,82
1995-05-28;363,83
1995-06-04;363,93
1995-06-11;363,19
1995-06-18;363,05
1995-06-25;362,57
1995-07-02;362,45
1995-07-09;362,24
1995-07-16;361,57
1995-07-23;361,12
1995-07-30;360,28
1995-08-06;359,9
1995-08-13;358,89
1995-08-20;358,79
1995-08-27;358,26
1995-09-03;358,46
1995-09-10;358,73
1995-09-17;358,91
1995-09-24;357,76
1995-10-01;357,95
1995-10-08;357,87
1995-10-15;358,14
1995-10-22;358,37
1995-10-29;358,99
1995-11-05;359,23
1995-11-12;359,71
1995-11-19;359,94
1995-11-26;359,97
1995-12-03;360,36
1995-12-10;360,69
1995-12-17;360,77
1995-12-24;361,54
1995-12-31;361,98
1996-01-07;362,33
1996-01-14;362,04
1996-01-21;362,33
1996-01-28;362,54
1996-02-04;363,04
1996-02-11;363,15
1996-02-18;363,69
1996-02-25;364,06
1996-03-03;364,1
1996-03-10;363,82
1996-03-17;364,58
1996-03-24;364,61
1996-03-31;364,38
1996-04-07;364,73
1996-04-14;364,83
1996-04-21;364,65
1996-04-28;365,15
1996-05-05;364,82
1996-05-12;365,6
1996-05-19;365,4
1996-05-26;365,17
1996-06-02;365,1
1996-06-09;365,42
1996-06-16;365,21
1996-06-23;364,64
1996-06-30;364,56
1996-07-07;363,95
1996-07-14;363,64
1996-07-21;363,26
1996-07-28;362,25
1996-08-04;362,16
1996-08-11;361,92
1996-08-18;361,15
1996-08-25;361,01
1996-09-01;360,23
1996-09-08;360,08
1996-09-15;359,15
1996-09-22;359,37
1996-09-29;359,43
1996-10-06;359,58
1996-10-13;359,9
1996-10-20;359,66
1996-10-27;360,13
1996-11-03;360,42
1996-11-10;361
1996-11-17;361,52
1996-11-24;361,4
1996-12-01;361,78
1996-12-08;362,38
1996-12-15;362,63
1996-12-22;362,47
1996-12-29;362,92
1997-01-05;363,11
1997-01-12;363,12
1997-01-19;363,65
1997-01-26;363,34
1997-02-02;363,69
1997-02-09;364,43
1997-02-16;363,78
1997-02-23;364,96
1997-03-02;364,01
1997-03-09;364,3
1997-03-16;364,77
1997-03-23;365,33
1997-03-30;365,88
1997-04-06;366,1
1997-04-13;366,63
1997-04-20;366,84
1997-04-27;366,75
1997-05-04;366,6
1997-05-11;366,96
1997-05-18;367,15
1997-05-25;366,36
1997-06-01;366,21
1997-06-08;365,89
1997-06-15;365,5
1997-06-22;365,36
1997-06-29;365,25
1997-07-06;364,93
1997-07-13;364,62
1997-07-20;363,76
1997-07-27;363,73
1997-08-03;363,33
1997-08-10;362,78
1997-08-17;361,33
1997-08-24;361,69
1997-08-31;361,59
1997-09-07;360,23
1997-09-14;360,48
1997-09-21;360,03
1997-09-28;360,14
1997-10-05;360,68
1997-10-12;360,87
1997-10-19;361,17
1997-10-26;361,45
1997-11-02;362,21
1997-11-09;362,29
1997-11-16;362,68
1997-11-23;363,42
1997-11-30;364,11
1997-12-07;364,19
1997-12-14;364,45
1997-12-21;364,87
1997-12-28;365,15
1998-01-04;365,43
1998-01-11;365,43
1998-01-18;365,22
1998-01-25;365,5
1998-02-01;366,09
1998-02-08;365,74
1998-02-15;365,8
1998-02-22;366,79
1998-03-01;367,24
1998-03-08;366,79
1998-03-15;366,96
1998-03-22;367,9
1998-03-29;368,95
1998-04-05;368,47
1998-04-12;368,61
1998-04-19;368,48
1998-04-26;369,69
1998-05-03;369,86
1998-05-10;368,45
1998-05-17;369,72
1998-05-24;370,08
1998-05-31;369,74
1998-06-07;369,27
1998-06-14;368,94
1998-06-21;368,91
1998-06-28;368,34
1998-07-05;368,58
1998-07-12;367,89
1998-07-19;368,06
1998-07-26;367,25
1998-08-02;367,05
1998-08-09;366,38
1998-08-16;365,69
1998-08-23;365,49
1998-08-30;364,89
1998-09-06;364,45
1998-09-13;363,79
1998-09-20;363,65
1998-09-27;364,19
1998-10-04;364,24
1998-10-11;364,44
1998-10-18;364,67
1998-10-25;364,94
1998-11-01;365,08
1998-11-08;365,54
1998-11-15;366,1
1998-11-22;365,97
1998-11-29;366,74
1998-12-06;366,97
1998-12-13;367,32
1998-12-20;367,44
1998-12-27;367,79
1999-01-03;367,97
1999-01-10;368,27
1999-01-17;367,97
1999-01-24;369,26
1999-01-31;369,43
1999-02-07;369,27
1999-02-14;368,79
1999-02-21;369,24
1999-02-28;368,19
1999-03-07;369,39
1999-03-14;370,34
1999-03-21;370,73
1999-03-28;370,83
1999-04-04;371,9
1999-04-11;371,67
1999-04-18;370,45
1999-04-25;370,76
1999-05-02;371,69
1999-05-09;371,24
1999-05-16;370,74
1999-05-23;370,89
1999-05-30;370,88
1999-06-06;370,55
1999-06-13;370,58
1999-06-20;370,05
1999-06-27;369,94
1999-07-04;370,21
1999-07-11;370,29
1999-07-18;369,25
1999-07-25;368,43
1999-08-01;367,85
1999-08-08;367,5
1999-08-15;366,75
1999-08-22;366,42
1999-08-29;365,32
1999-09-05;364,48
1999-09-12;365,31
1999-09-19;365,2
1999-09-26;364,82
1999-10-03;365,3
1999-10-10;365,34
1999-10-17;365,75
1999-10-24;365,8
1999-10-31;366,13
1999-11-07;366,8
1999-11-14;366,91
1999-11-21;367,24
1999-11-28;367,6
1999-12-05;368,03
1999-12-12;368,05
1999-12-19;368,43
1999-12-26;368,9
2000-01-02;368,89
2000-01-09;369,03
2000-01-16;370,19
2000-01-23;370,24
2000-01-30;369,41
2000-02-06;369,77
2000-02-13;370,14
2000-02-20;369,52
2000-02-27;370,27
2000-03-05;370,24
2000-03-12;370,8
2000-03-19;371,05
2000-03-26;371,29
2000-04-02;371,23
2000-04-09;372,17
2000-04-16;372,5
2000-04-23;372,08
2000-04-30;371,07
2000-05-07;372,04
2000-05-14;371,67
2000-05-21;372,24
2000-05-28;372,04
2000-06-04;372,08
2000-06-11;371,83
2000-06-18;371,95
2000-06-25;371,41
2000-07-02;370,39
2000-07-09;370,31
2000-07-16;370,1
2000-07-23;369,35
2000-07-30;369,08
2000-08-06;368,62
2000-08-13;368,4
2000-08-20;367,68
2000-08-27;367,7
2000-09-03;367,32
2000-09-10;367,33
2000-09-17;366,86
2000-09-24;366,86
2000-10-01;366,78
2000-10-08;366,88
2000-10-15;367,14
2000-10-22;367,62
2000-10-29;368
2000-11-05;368,2
2000-11-12;368,75
2000-11-19;368,64
2000-11-26;368,85
2000-12-03;369,84
2000-12-10;369,83
2000-12-17;369,81
2000-12-24;370,02
2000-12-31;370,34
2001-01-07;370,46
2001-01-14;370,84
2001-01-21;370,69
2001-01-28;371,53
2001-02-04;371,76
2001-02-11;372,14
2001-02-18;371,66
2001-02-25;371,9
2001-03-04;372,37
2001-03-11;372,67
2001-03-18;372,72
2001-03-25;372,58
2001-04-01;372,63
2001-04-08;373,79
2001-04-15;373,9
2001-04-22;373,79
2001-04-29;373,73
2001-05-06;374,12
2001-05-13;373,88
2001-05-20;374,09
2001-05-27;374,07
2001-06-03;373,65
2001-06-10;373,23
2001-06-17;373,3
2001-06-24;373,2
2001-07-01;372,66
2001-07-08;371,52
2001-07-15;371,48
2001-07-22;371,04
2001-07-29;371,06
2001-08-05;370,09
2001-08-12;369,36
2001-08-19;369,48
2001-08-26;369,45
2001-09-02;368,5
2001-09-09;368,72
2001-09-16;368,21
2001-09-23;367,97
2001-09-30;368,21
2001-10-07;368,46
2001-10-14;368,33
2001-10-21;368,87
2001-10-28;369,29
2001-11-04;369,29
2001-11-11;370,01
2001-11-18;370,4
2001-11-25;370,61
2001-12-02;370,96
2001-12-09;371,4
2001-12-16;371,44
2001-12-23;371,87
2001-12-30;372,38
2002-01-06;372,38
2002-01-13;372,91
2002-01-20;372,75
2002-01-27;372,99
2002-02-03;373,13
2002-02-10;373,18
2002-02-17;373,26
2002-02-24;373,91
2002-03-03;374,06
2002-03-10;374,31
2002-03-17;374,81
2002-03-24;374,45
2002-03-31;374,43
2002-04-07;374,7
2002-04-14;375,4
2002-04-21;375,59
2002-04-28;376,23
2002-05-05;375,76
2002-05-12;375,24
2002-05-19;376,1
2002-05-26;376,41
2002-06-02;376,07
2002-06-09;375,62
2002-06-16;375,4
2002-06-23;375,66
2002-06-30;374,99
2002-07-07;374,63
2002-07-14;374,09
2002-07-21;373,51
2002-07-28;373,49
2002-08-04;372,75
2002-08-11;371,99
2002-08-18;371,5
2002-08-25;371,11
2002-09-01;370,43
2002-09-08;371,81
2002-09-15;371,01
2002-09-22;370,67
2002-09-29;370,05
2002-10-06;370,08
2002-10-13;371,41
2002-10-20;370,87
2002-10-27;371,24
2002-11-03;372,14
2002-11-10;372,04
2002-11-17;372,91
2002-11-24;372,94
2002-12-01;373,23
2002-12-08;373,77
2002-12-15;373,76
2002-12-22;374,66
2002-12-29;374,88
2003-01-05;374,73
2003-01-12;375,21
2003-01-19;375,1
2003-01-26;375,48
2003-02-02;375,35
2003-02-09;375,3
2003-02-16;376,57
2003-02-23;376,2
2003-03-02;376,49
2003-03-09;376,55
2003-03-16;376,15
2003-03-23;377,18
2003-03-30;377,03
2003-04-06;377,32
2003-04-13;377,98
2003-04-20;378,54
2003-04-27;378,81
2003-05-04;378,25
2003-05-11;378,25
2003-05-18;379,62
2003-05-25;378,91
2003-06-01;378,59
2003-06-08;378,68
2003-06-15;378,3
2003-06-22;378,49
2003-06-29;377,76
2003-07-06;376,74
2003-07-13;377,41
2003-07-20;376,57
2003-07-27;376,08
2003-08-03;375,12
2003-08-10;374,9
2003-08-17;374,06
2003-08-24;373,61
2003-08-31;373,37
2003-09-07;373,3
2003-09-14;373,05
2003-09-21;373,51
2003-09-28;373,45
2003-10-05;373,09
2003-10-12;372,95
2003-10-19;373,6
2003-10-26;373,56
2003-11-02;374,14
2003-11-09;374,7
2003-11-16;375,06
2003-11-23;375,45
2003-11-30;375,49
2003-12-07;375,95
2003-12-14;376,51
2003-12-21;376,31
2003-12-28;376,53
2004-01-04;376,51
2004-01-11;377,13
2004-01-18;377,28
2004-01-25;378,13
2004-02-01;378,06
2004-02-08;378,61
2004-02-15;377,67
2004-02-22;377,79
2004-02-29;378,46
2004-03-07;379,14
2004-03-14;379,4
2004-03-21;378,67
2004-03-28;379,9
2004-04-04;380,2
2004-04-11;380,92
2004-04-18;380,56
2004-04-25;380,82
2004-05-02;380,9
2004-05-09;380,89
2004-05-16;380,43
2004-05-23;381,25
2004-05-30;380,11
2004-06-06;380,27
2004-06-13;380,34
2004-06-20;379,55
2004-06-27;379,32
2004-07-04;378,51
2004-07-11;378,07
2004-07-18;376,92
2004-07-25;376,59
2004-08-01;376,91
2004-08-08;376,41
2004-08-15;375,95
2004-08-22;376,27
2004-08-29;374,17
2004-09-05;374,62
2004-09-12;374,23
2004-09-19;374,57
2004-09-26;374,48
2004-10-03;374,16
2004-10-10;374,4
2004-10-17;374,74
2004-10-24;375,13
2004-10-31;375,48
2004-11-07;375,63
2004-11-14;376,98
2004-11-21;376,9
2004-11-28;376,99
2004-12-05;377,72
2004-12-12;377,4
2004-12-19;377,95
2004-12-26;377,99
2005-01-02;378,36
2005-01-09;378,61
2005-01-16;378,52
2005-01-23;378,8
2005-01-30;379,59
2005-02-06;379,4
2005-02-13;380,1
2005-02-20;380,06
2005-02-27;381,54
2005-03-06;380,24
2005-03-13;381,46
2005-03-20;380,4
2005-03-27;381,95
2005-04-03;382,49
2005-04-10;382,28
2005-04-17;382,35
2005-04-24;382,76
2005-05-01;382,13
2005-05-08;382,15
2005-05-15;382,82
2005-05-22;383,2
2005-05-29;382,98
2005-06-05;382,82
2005-06-12;382,6
2005-06-19;382,13
2005-06-26;381,56
2005-07-03;381,28
2005-07-10;381,05
2005-07-17;380,95
2005-07-24;380,34
2005-07-31;380,03
2005-08-07;379,1
2005-08-14;379,02
2005-08-21;378,18
2005-08-28;378,14
2005-09-04;377,55
2005-09-11;376,41
2005-09-18;376,53
2005-09-25;376,64
2005-10-02;376,83
2005-10-09;377,1
2005-10-16;NA
2005-10-23;377,7
2005-10-30;378
2005-11-06;378,14
2005-11-13;379,05
2005-11-20;378,67
2005-11-27;379,22
2005-12-04;380,12
2005-12-11;380,37
2005-12-18;380,44
2005-12-25;380,69
2006-01-01;381,46
2006-01-08;381,4
2006-01-15;381,75
2006-01-22;381,82
2006-01-29;381,82
2006-02-05;382,49
2006-02-12;382,8
2006-02-19;382,13
2006-02-26;382,33
2006-03-05;383,08
2006-03-12;383,06
2006-03-19;383,09
2006-03-26;382,62
2006-04-02;384,37
2006-04-09;384,96
2006-04-16;385,05
2006-04-23;384,94
2006-04-30;385,07
2006-05-07;385,21
2006-05-14;385,51
2006-05-21;385,14
2006-05-28;384,85
2006-06-04;384,37
2006-06-11;384,46
2006-06-18;384,12
2006-06-25;383,63
2006-07-02;383,3
2006-07-09;383,01
2006-07-16;381,98
2006-07-23;382,3
2006-07-30;381,7
2006-08-06;380,78
2006-08-13;380,59
2006-08-20;379,98
2006-08-27;379,74
2006-09-03;378,81
2006-09-10;379,36
2006-09-17;378,86
2006-09-24;379,06
2006-10-01;379,11
2006-10-08;379,09
2006-10-15;379,12
2006-10-22;379,67
2006-10-29;379,84
2006-11-05;379,96
2006-11-12;380,19
2006-11-19;380,57
2006-11-26;381,44
2006-12-03;381,67
2006-12-10;381,9
2006-12-17;382,39
2006-12-24;382,18
2006-12-31;382,29
2007-01-07;383,14
2007-01-14;382,65
2007-01-21;383,77
2007-01-28;383,88
2007-02-04;383,48
2007-02-11;385,03
2007-02-18;384,93
2007-02-25;384,22
2007-03-04;383,62
2007-03-11;384,55
2007-03-18;385,29
2007-03-25;386,08
2007-04-01;386,07
2007-04-08;385,93
2007-04-15;387,51
2007-04-22;387,18
2007-04-29;386,82
2007-05-06;386,46
2007-05-13;386,88
2007-05-20;386,74
2007-05-27;387,14
2007-06-03;387,13
2007-06-10;386,66
2007-06-17;385,93
2007-06-24;385,27
2007-07-01;385,61
2007-07-08;385,35
2007-07-15;384,32
2007-07-22;384,04
2007-07-29;383,11
2007-08-05;382,7
2007-08-12;382,11
2007-08-19;382,33
2007-08-26;381,86
2007-09-02;381,76
2007-09-09;380,88
2007-09-16;381,03
2007-09-23;380,91
2007-09-30;381,12
2007-10-07;381,19
2007-10-14;381,27
2007-10-21;381,59
2007-10-28;382
2007-11-04;382,26
2007-11-11;382,46
2007-11-18;383,29
2007-11-25;383,12
2007-12-02;383,91
2007-12-09;383,95
2007-12-16;384,63
2007-12-23;384,18
2007-12-30;385,02
2008-01-06;384,67
2008-01-13;386,05
2008-01-20;386,25
2008-01-27;387,02
2008-02-03;386,25
2008-02-10;386,2
2008-02-17;385,54
2008-02-24;385,62
2008-03-02;386,06
2008-03-09;385,95
2008-03-16;386,08
2008-03-23;386,97
2008-03-30;388,31
2008-04-06;386,98
2008-04-13;386,72
2008-04-20;387,58
2008-04-27;387,52
2008-05-04;388,77
2008-05-11;389,11
2008-05-18;389,13
2008-05-25;388,82
2008-06-01;388,76
2008-06-08;387,74
2008-06-15;388,11
2008-06-22;387,53
2008-06-29;NA
2008-07-06;NA
2008-07-13;NA
2008-07-20;386,61
2008-07-27;385,14
2008-08-03;385,46
2008-08-10;384,17
2008-08-17;383,91
2008-08-24;383,52
2008-08-31;383,73
2008-09-07;383,26
2008-09-14;383,6
2008-09-21;383,28
2008-09-28;382,97
2008-10-05;383,1
2008-10-12;383,07
2008-10-19;383,29
2008-10-26;384,21
2008-11-02;384,01
2008-11-09;384,33
2008-11-16;384,57
2008-11-23;384,72
2008-11-30;385,28
2008-12-07;385,52
2008-12-14;385,77
2008-12-21;386,15
2008-12-28;386,46
2009-01-04;386,63
2009-01-11;387,24
2009-01-18;387,37
2009-01-25;387,74
2009-02-01;387,25
2009-02-08;387,16
2009-02-15;387,84
2009-02-22;388,45
2009-03-01;389,3
2009-03-08;389,03
2009-03-15;388,42
2009-03-22;389,51
2009-03-29;389,26
2009-04-05;389,65
2009-04-12;389,15
2009-04-19;389,78
2009-04-26;390,74
2009-05-03;389,98
2009-05-10;390,39
2009-05-17;390,6
2009-05-24;390,62
2009-05-31;390,07
2009-06-07;390,42
2009-06-14;389,64
2009-06-21;388,73
2009-06-28;388,9
2009-07-05;388,7
2009-07-12;388,57
2009-07-19;387,9
2009-07-26;387,58
2009-08-02;387,28
2009-08-09;386,22
2009-08-16;385,91
2009-08-23;385,83
2009-08-30;385,36
2009-09-06;384,9
2009-09-13;384,96
2009-09-20;384,84
2009-09-27;384,23
2009-10-04;384,08
2009-10-11;384,58
2009-10-18;384,92
2009-10-25;385,22
2009-11-01;385,58
2009-11-08;385,9
2009-11-15;386,55
2009-11-22;386,59
2009-11-29;387,28
2009-12-06;387,18
2009-12-13;387,07
2009-12-20;388,61
2009-12-27;388,8
2010-01-03;388,37
2010-01-10;388,54
2010-01-17;388,54
2010-01-24;389,21
2010-01-31;390,91
2010-02-07;390,55
2010-02-14;390,43
2010-02-21;389,79
2010-02-28;391,14
2010-03-07;391,59
2010-03-14;391,38
2010-03-21;390,5
2010-03-28;391,96
2010-04-04;391,39
2010-04-11;392,93
2010-04-18;393,53
2010-04-25;393,42
2010-05-02;393,2
2010-05-09;392,81
2010-05-16;393,64
2010-05-23;392,93
2010-05-30;393,51
2010-06-06;392,99
2010-06-13;392,1
2010-06-20;391,86
2010-06-27;391,36
2010-07-04;390,77
2010-07-11;390,06
2010-07-18;390,47
2010-07-25;390,04
2010-08-01;389,07
2010-08-08;389,02
2010-08-15;388,67
2010-08-22;387,8
2010-08-29;387,72
2010-09-05;386,32
2010-09-12;387,24
2010-09-19;386,96
2010-09-26;386,97
2010-10-03;387,14
2010-10-10;387,02
2010-10-17;387,62
2010-10-24;388,02
2010-10-31;388,24
2010-11-07;388,25
2010-11-14;388,82
2010-11-21;389,69
2010-11-28;389,86
2010-12-05;389,97
2010-12-12;389,64
2010-12-19;390,34
2010-12-26;390,14
2011-01-02;391,74
2011-01-09;390,96
2011-01-16;391,7
2011-01-23;391,56
2011-01-30;392,26
2011-02-06;391,63
2011-02-13;391,84
2011-02-20;392,24
2011-02-27;392,26
2011-03-06;392,07
2011-03-13;392,69
2011-03-20;393,09
2011-03-27;394,21
2011-04-03;393,19
2011-04-10;393,28
2011-04-17;393,73
2011-04-24;393,5
2011-05-01;394,33
2011-05-08;393,08
2011-05-15;395,1
2011-05-22;395,29
2011-05-29;394,41
2011-06-05;393,7
2011-06-12;394
2011-06-19;393,75
2011-06-26;393,65
2011-07-03;393,71
2011-07-10;393,49
2011-07-17;391,52
2011-07-24;392,18
2011-07-31;391,4
2011-08-07;390,8
2011-08-14;390,34
2011-08-21;389,59
2011-08-28;389,7
2011-09-04;389,24
2011-09-11;389,35
2011-09-18;389,29
2011-09-25;388,87
2011-10-02;388,98
2011-10-09;389,01
2011-10-16;389,23
2011-10-23;389,44
2011-10-30;389,81
2011-11-06;389,97
2011-11-13;390,66
2011-11-20;390,7
2011-11-27;391,34
2011-12-04;391,56
2011-12-11;392,21
2011-12-18;392,65
2011-12-25;392,4
2012-01-01;393,15
2012-01-08;393,57
2012-01-15;393,17
2012-01-22;393,53
2012-01-29;393,43
2012-02-05;393,9
2012-02-12;393,68
2012-02-19;394,61
2012-02-26;394,45
2012-03-04;393,73
2012-03-11;394,46
2012-03-18;394,98
2012-03-25;395,32
2012-04-01;395,51
2012-04-08;396,81
2012-04-15;396,35
2012-04-22;396,8
2012-04-29;397,11
2012-05-06;397,32
2012-05-13;397,18
2012-05-20;396,31
2012-05-27;396,48
2012-06-03;395,93
2012-06-10;396,43
2012-06-17;395,77
2012-06-24;395,45
2012-07-01;395,15
2012-07-08;394,56
2012-07-15;394,66
2012-07-22;394,28
2012-07-29;393,62
2012-08-05;393,43
2012-08-12;392,71
2012-08-19;391,57
2012-08-26;391,99
2012-09-02;392,06
2012-09-09;391,1
2012-09-16;390,99
2012-09-23;391,09
2012-09-30;391,02
2012-10-07;391,18
2012-10-14;391,11
2012-10-21;391,56
2012-10-28;391,78
2012-11-04;392,52
2012-11-11;393,48
2012-11-18;393,39
2012-11-25;393,93
2012-12-02;393,88
2012-12-09;394,62
2012-12-16;394,75
2012-12-23;395,06
2012-12-30;394,73
2013-01-06;395,59
2013-01-13;396,21
2013-01-20;396,01
2013-01-27;395,99
2013-02-03;396,86
2013-02-10;397,2
2013-02-17;397,37
2013-02-24;396,96
2013-03-03;397,88
2013-03-10;397,17
2013-03-17;397,58
2013-03-24;398,19
2013-03-31;398,3
2013-04-07;398
2013-04-14;398,19
2013-04-21;399,44
2013-04-28;399,76
2013-05-05;399,75
2013-05-12;399,98
2013-05-19;400,17
2013-05-26;400,12
2013-06-02;399,4
2013-06-09;398,8
2013-06-16;398,33
2013-06-23;398,84
2013-06-30;398,43
2013-07-07;397,93
2013-07-14;397,27
2013-07-21;397,01
2013-07-28;396,87
2013-08-04;395,86
2013-08-11;395,32
2013-08-18;395,34
2013-08-25;394,42
2013-09-01;394,05
2013-09-08;393,59
2013-09-15;393,73
2013-09-22;393,58
2013-09-29;393,52
2013-10-06;393,55
2013-10-13;393,88
2013-10-20;394,19
2013-10-27;394,44
2013-11-03;394,67
2013-11-10;395,73
2013-11-17;395,07
2013-11-24;396,2
2013-12-01;396,46
2013-12-08;396,33
2013-12-15;397,61
2013-12-22;397,46
2013-12-29;397,6
2014-01-05;398,41
2014-01-12;397,93
2014-01-19;398,15
2014-01-26;398,02
2014-02-02;398,16
2014-02-09;398,06
2014-02-16;398,27
2014-02-23;398,47
2014-03-02;398,64
2014-03-09;400,07
2014-03-16;401,36
2014-03-23;400,3
2014-03-30;400,8
2014-04-06;401,29
2014-04-13;401,72
2014-04-20;401,77
2014-04-27;401,92
2014-05-04;401,9
2014-05-11;401,91
2014-05-18;401,93
2014-05-25;402
2014-06-01;401,99
2014-06-08;401,68
2014-06-15;401,21
2014-06-22;401,12
2014-06-29;400,4
2014-07-06;400
2014-07-13;398,98
2014-07-20;398,97
2014-07-27;397,58
2014-08-03;397,94
2014-08-10;397,38
2014-08-17;397,03
2014-08-24;396,38
2014-08-31;396,5
2014-09-07;395,18
2014-09-14;395,26
2014-09-21;395,6
2014-09-28;395,48
2014-10-05;395,72
2014-10-12;395,79
2014-10-19;396
2014-10-26;397,6
2014-11-02;396,9
2014-11-09;397,33
2014-11-16;397,43
2014-11-23;398,02
2014-11-30;398,34
2014-12-07;399,28
2014-12-14;399,28
2014-12-21;399,11
2014-12-28;400,03
2015-01-04;400,05
2015-01-11;400,36
2015-01-18;399,7
2015-01-25;400,39
2015-02-01;400,44
2015-02-08;400,14
2015-02-15;400,11
2015-02-22;401,53
2015-03-01;401,48
2015-03-08;402,23
2015-03-15;400,98
2015-03-22;401,97
2015-03-29;402
2015-04-05;403,4
2015-04-12;404,23
2015-04-19;403,27
2015-04-26;403,99
2015-05-03;404,33
2015-05-10;404,16
2015-05-17;404,16
2015-05-24;403,99
2015-05-31;403,37
2015-06-07;403,41
2015-06-14;402,56
2015-06-21;402,88
2015-06-28;402,33
2015-07-05;401,9
2015-07-12;401,57
2015-07-19;401,43
2015-07-26;400,38
2015-08-02;398,54
2015-08-09;399,37
2015-08-16;399,32
2015-08-23;399,04
2015-08-30;398,68
2015-09-06;397,96
2015-09-13;397,43
2015-09-20;397,52
2015-09-27;397,41
2015-10-04;398,56
2015-10-11;398,37
2015-10-18;398,71
2015-10-25;398,68
2015-11-01;399,26
2015-11-08;400,22
2015-11-15;400,55
2015-11-22;400,58
2015-11-29;401
2015-12-06;401,52
2015-12-13;402,55
2015-12-20;402,81
2015-12-27;402,28
2016-01-03;402,32
2016-01-10;402,65
2016-01-17;402,78
2016-01-24;403,33
2016-01-31;404,75
2016-02-07;403,98
2016-02-14;403,85
2016-02-21;404,59
2016-02-28;404,24
2016-03-06;404,18
2016-03-13;404,97
2016-03-20;405,85
2016-03-27;405,64
2016-04-03;406,78
2016-04-10;408,91
2016-04-17;407,64
2016-04-24;407,9
2016-05-01;407,73
2016-05-08;408,05
2016-05-15;407,49
2016-05-22;408,51
2016-05-29;407,64
2016-06-05;407,04
2016-06-12;407,39
2016-06-19;406,85
2016-06-26;406,17
2016-07-03;405,75
2016-07-10;404,68
2016-07-17;403,59
2016-07-24;404,04
2016-07-31;403,68
2016-08-07;403,08
2016-08-14;402,05
2016-08-21;402,11
2016-08-28;401,16
2016-09-04;401,18
2016-09-11;401,47
2016-09-18;401,08
2016-09-25;400,94
2016-10-02;401,13
2016-10-09;401,78
2016-10-16;401,86
2016-10-23;402,35
2016-10-30;403
2016-11-06;403
2016-11-13;403,79
2016-11-20;404,19
2016-11-27;404,75
2016-12-04;404,09
2016-12-11;405,02
2016-12-18;404,62
2016-12-25;404,96
2017-01-01;406,14
2017-01-08;406,2
2017-01-15;406,41
2017-01-22;406,71
2017-01-29;406,43
2017-02-05;406,26
2017-02-12;406,14
2017-02-19;407,17
2017-02-26;407,6
2017-03-05;406,34
2017-03-12;407,77
2017-03-19;407,02
2017-03-26;408,6
2017-04-02;407,84
2017-04-09;409,03
2017-04-16;409,84
2017-04-23;410,17
2017-04-30;409,39
2017-05-07;409,52
2017-05-14;410,6
2017-05-21;410,2
2017-05-28;409,77
2017-06-04;409,89
2017-06-11;409,63
2017-06-18;408,51
2017-06-25;407,95
2017-07-02;408,28
2017-07-09;407,26
2017-07-16;407,01
2017-07-23;406,92
2017-07-30;406,67
2017-08-06;405,73
2017-08-13;405,39
2017-08-20;404,74
2017-08-27;404,39
2017-09-03;403,89
2017-09-10;403,87
2017-09-17;403,25
2017-09-24;402,95
2017-10-01;403,15
2017-10-08;403,61
2017-10-15;404,14
2017-10-22;404,19
2017-10-29;404,34
2017-11-05;404,44
2017-11-12;405,26
2017-11-19;406,31
2017-11-26;406,52
2017-12-03;406,94
2017-12-10;406,74
2017-12-17;406,99
2017-12-24;407,41
2017-12-31;407,57
2018-01-07;408,33
2018-01-14;408,08
2018-01-21;408,47
2018-01-28;408,07
2018-02-04;408,4
2018-02-11;408,56
2018-02-18;408,65
2018-02-25;409,09
2018-03-04;410,03
2018-03-11;408,91
2018-03-18;409,32
2018-03-25;410,22
2018-04-01;409,39
2018-04-08;409,65
2018-04-15;411,26
2018-04-22;411,88
2018-04-29;409,86
2018-05-06;411,26
2018-05-13;412,07
2018-05-20;411,65
2018-05-27;411,61
2018-06-03;411,14
2018-06-10;411,36
2018-06-17;410,56
2018-06-24;410,76
2018-07-01;409,6
2018-07-08;409,35
2018-07-15;408,74
2018-07-22;408,48
2018-07-29;407,65
2018-08-05;407,42
2018-08-12;407,26
2018-08-19;407,03
2018-08-26;406,3
2018-09-02;405,68
2018-09-09;405,58
2018-09-16;405,88
2018-09-23;405,74
2018-09-30;405,69
2018-10-07;405,77
2018-10-14;406,2
2018-10-21;406,81
2018-10-28;406,67
2018-11-04;407,18
2018-11-11;408,94
2018-11-18;408,78
2018-11-25;408,58
2018-12-02;408,68
2018-12-09;409,6
2018-12-16;409,51
2018-12-23;409,33
2018-12-30;409,8
2019-01-06;410,86
2019-01-13;410,55
2019-01-20;412,19
2019-01-27;411,23
2019-02-03;411,83
2019-02-10;412,63
2019-02-17;411,19
2019-02-24;412,62
2019-03-03;412,37
2019-03-10;412,37
2019-03-17;412,02
2019-03-24;411,53
2019-03-31;412,4
2019-04-07;413,35
2019-04-14;413,82
2019-04-21;413,99
2019-04-28;414,52
2019-05-05;414,54
2019-05-12;415,62
2019-05-19;414,97
2019-05-26;414,52
2019-06-02;414,62
2019-06-09;414,31
2019-06-16;414,09
2019-06-23;413,64
2019-06-30;413,66
2019-07-07;412,32
2019-07-14;412,38
2019-07-21;411,08
2019-07-28;410,29
2019-08-04;410,56
2019-08-11;410,5
2019-08-18;409,8
2019-08-25;409,68
2019-09-01;409,07
2019-09-08;408,84
2019-09-15;408,63
2019-09-22;408,55
2019-09-29;408,2
2019-10-06;408,61
2019-10-13;408,85
2019-10-20;408,95
2019-10-27;409,52
2019-11-03;410,13
2019-11-10;410,42
2019-11-17;410,41
2019-11-24;410,95
2019-12-01;411,29
2019-12-08;411,55
2019-12-15;412,11
2019-12-22;412,43
2019-12-29;413,21
2020-01-05;413,6
2020-01-12;413,02
2020-01-19;413,87
2020-01-26;414,26
2020-02-02;414,53
2020-02-09;414,63
2020-02-16;414,29
2020-02-23;413,95
2020-03-01;414,09
2020-03-08;414,34
2020-03-15;414,51
2020-03-22;415,76
2020-03-29;415,98
2020-04-05;416,68
2020-04-12;416,51
2020-04-19;416,12
2020-04-26;417,05
2020-05-03;417,06
2020-05-10;417,03
2020-05-17;417,21
2020-05-24;417,67
2020-05-31;417,44
2020-06-07;416,58
2020-06-14;416,44
2020-06-21;416,29
2020-06-28;415,67
2020-07-05;415,47
2020-07-12;414,76
2020-07-19;414,11
2020-07-26;413,48
2020-08-02;413,4
2020-08-09;412,98
2020-08-16;412,62
2020-08-23;412,19
2020-08-30;411,82
2020-09-06;411,6
2020-09-13;411,7
2020-09-20;411,23
2020-09-27;411,29
2020-10-04;411,28
2020-10-11;411,34
2020-10-18;411,75
2020-10-25;411,71
2020-11-01;411,99
2020-11-08;413,01
2020-11-15;412,76
2020-11-22;414,07
2020-11-29;413,97
2020-12-06;413,63
2020-12-13;414,15
2020-12-20;414,84
2020-12-27;415,33
2021-01-03;415,38
2021-01-10;415,07
2021-01-17;415,42
2021-01-24;416,01
2021-01-31;417,12
2021-02-07;416,92
2021-02-14;416,51
2021-02-21;416,31
2021-02-28;417,97
2021-03-07;416,94
2021-03-14;417,79
2021-03-21;417,72
2021-03-28;418,03
2021-04-04;419,28
2021-04-11;418,96
2021-04-18;418,2
2021-04-25;420,01
2021-05-02;419,53
2021-05-09;418,48
2021-05-16;419,09
2021-05-23;418,92
2021-05-30;419,55
2021-06-06;419,47
2021-06-13;419,06
2021-06-20;418,33
2021-06-27;418,08
2021-07-04;417,47
2021-07-11;417,51
2021-07-18;416,74
2021-07-25;415,62
2021-08-01;415
2021-08-08;414,55
2021-08-15;414,91
2021-08-22;413,9
2021-08-29;413,22
2021-09-05;413,36
2021-09-12;413,09
2021-09-19;413,3
2021-09-26;413,37
2021-10-03;413,63
2021-10-10;413,89
2021-10-17;414,36
2021-10-24;413,9
2021-10-31;414,17
2021-11-07;414,97
2021-11-14;414,88
2021-11-21;415,36
2021-11-28;416,16
2021-12-05;415,86
2021-12-12;416,45
2021-12-19;417,49
2021-12-26;417,46
2022-01-02;417,43
2022-01-09;418,33
2022-01-16;417,62
2022-01-23;419,13
2022-01-30;419,19
2022-02-06;418,38
2022-02-13;419,76
2022-02-20;419,62
2022-02-27;419,2
2022-03-06;418,51
2022-03-13;418,35
2022-03-20;418,18
2022-03-27;420,37
2022-04-03;420,19
2022-04-10;420,16
2022-04-17;420,35
2022-04-24;420,19
2022-05-01;420,18
2022-05-08;421,13
2022-05-15;420,97
